Recipe_Name,Angle_Type,Hook_Text,Search_Description
Thai Basil Chicken (Pad Krapow),Time-saver,Here are the 5 Pinterest hooks:,Here is a Pinterest SEO description for the Thai Basil Chicken recipe:  Quickly cook up a flavorful Thai Basil Chicken (Pad Krapow) dinner perfect for busy weeknights in just 15 minutes! https://nobscooking.com/recipes/thai-basil-chicken
Thai Basil Chicken (Pad Krapow),Lazy Dinner,Cook in 15 minutes flat,Here is a Pinterest SEO description for the Thai Basil Chicken recipe:  Quickly cook up a flavorful Thai Basil Chicken (Pad Krapow) dinner perfect for busy weeknights in just 15 minutes! https://nobscooking.com/recipes/thai-basil-chicken
Thai Basil Chicken (Pad Krapow),Weeknight Hero,Easy dinner no effort required,Here is a Pinterest SEO description for the Thai Basil Chicken recipe:  Quickly cook up a flavorful Thai Basil Chicken (Pad Krapow) dinner perfect for busy weeknights in just 15 minutes! https://nobscooking.com/recipes/thai-basil-chicken
Thai Basil Chicken (Pad Krapow),Ingredient-Count,Weeknight winner in 15 minutes,Here is a Pinterest SEO description for the Thai Basil Chicken recipe:  Quickly cook up a flavorful Thai Basil Chicken (Pad Krapow) dinner perfect for busy weeknights in just 15 minutes! https://nobscooking.com/recipes/thai-basil-chicken
Thai Basil Chicken (Pad Krapow),Core Method,Only 8 ingredients needed,Here is a Pinterest SEO description for the Thai Basil Chicken recipe:  Quickly cook up a flavorful Thai Basil Chicken (Pad Krapow) dinner perfect for busy weeknights in just 15 minutes! https://nobscooking.com/recipes/thai-basil-chicken
Crispy Black Bean Tacos,Time-saver,minute dinner solution,Crispy Black Bean Tacos: Quick and budget-friendly dinner solution for a weeknight meal. Perfect for busy families on-the-go! https://nobscooking.com/recipes/black-bean-tacos
Crispy Black Bean Tacos,Lazy Dinner,Easy lazy night taco fix,Crispy Black Bean Tacos: Quick and budget-friendly dinner solution for a weeknight meal. Perfect for busy families on-the-go! https://nobscooking.com/recipes/black-bean-tacos
Crispy Black Bean Tacos,Weeknight Hero,Busy weeknight black bean winner,Crispy Black Bean Tacos: Quick and budget-friendly dinner solution for a weeknight meal. Perfect for busy families on-the-go! https://nobscooking.com/recipes/black-bean-tacos
Crispy Black Bean Tacos,Ingredient-Count,7 ingredient taco recipe secret,Crispy Black Bean Tacos: Quick and budget-friendly dinner solution for a weeknight meal. Perfect for busy families on-the-go! https://nobscooking.com/recipes/black-bean-tacos
Crispy Black Bean Tacos,Core Method,Crispy fried tacos guaranteed,Crispy Black Bean Tacos: Quick and budget-friendly dinner solution for a weeknight meal. Perfect for busy families on-the-go! https://nobscooking.com/recipes/black-bean-tacos
Pad Thai,Time-saver,Here are the 5 Pinterest hooks:,Here is a Pinterest SEO description for the Pad Thai recipe:  Quick and delicious Pad Thai recipe perfect for a speedy weeknight dinner that's ready in 25 minutes! https://nobscooking.com/recipes/pad-thai
Pad Thai,Lazy Dinner,Cook in 25 minutes no excuses,Here is a Pinterest SEO description for the Pad Thai recipe:  Quick and delicious Pad Thai recipe perfect for a speedy weeknight dinner that's ready in 25 minutes! https://nobscooking.com/recipes/pad-thai
Pad Thai,Weeknight Hero,Easy Pad Thai in under 10 mins,Here is a Pinterest SEO description for the Pad Thai recipe:  Quick and delicious Pad Thai recipe perfect for a speedy weeknight dinner that's ready in 25 minutes! https://nobscooking.com/recipes/pad-thai
Pad Thai,Ingredient-Count,Weeknight winner in just 25 minutes,Here is a Pinterest SEO description for the Pad Thai recipe:  Quick and delicious Pad Thai recipe perfect for a speedy weeknight dinner that's ready in 25 minutes! https://nobscooking.com/recipes/pad-thai
Pad Thai,Core Method,Only 10 ingredients no fuss,Here is a Pinterest SEO description for the Pad Thai recipe:  Quick and delicious Pad Thai recipe perfect for a speedy weeknight dinner that's ready in 25 minutes! https://nobscooking.com/recipes/pad-thai
Smashed Cucumber Salad,Time-saver,Cook in 10 minutes flat,"Vegan Smashed Cucumber Salad: A refreshing and easy-to-make side dish perfect for hot summer days or potlucks, ready in just 10 minutes! https://nobscooking.com/recipes/smashed-cucumber-salad"
Smashed Cucumber Salad,Lazy Dinner,Effortless dinner for busy nights,"Vegan Smashed Cucumber Salad: A refreshing and easy-to-make side dish perfect for hot summer days or potlucks, ready in just 10 minutes! https://nobscooking.com/recipes/smashed-cucumber-salad"
Smashed Cucumber Salad,Weeknight Hero,Weeknight winner no fuss required,"Vegan Smashed Cucumber Salad: A refreshing and easy-to-make side dish perfect for hot summer days or potlucks, ready in just 10 minutes! https://nobscooking.com/recipes/smashed-cucumber-salad"
Smashed Cucumber Salad,Ingredient-Count,Only 5 ingredients needed simplicity,"Vegan Smashed Cucumber Salad: A refreshing and easy-to-make side dish perfect for hot summer days or potlucks, ready in just 10 minutes! https://nobscooking.com/recipes/smashed-cucumber-salad"
Smashed Cucumber Salad,Core Method,Smashed cucumbers reveal hidden flavors,"Vegan Smashed Cucumber Salad: A refreshing and easy-to-make side dish perfect for hot summer days or potlucks, ready in just 10 minutes! https://nobscooking.com/recipes/smashed-cucumber-salad"
Miso Glazed Salmon,Time-saver,Here are the 5 Pinterest hooks:,"Protein-packed Miso Glazed Salmon recipe for a quick and easy dinner, perfect for a busy weeknight meal or special occasion, https://nobscooking.com/recipes/miso-glazed-salmon"
Miso Glazed Salmon,Lazy Dinner,7 minute protein packed dinner,"Protein-packed Miso Glazed Salmon recipe for a quick and easy dinner, perfect for a busy weeknight meal or special occasion, https://nobscooking.com/recipes/miso-glazed-salmon"
Miso Glazed Salmon,Weeknight Hero,Effortless miso glazed salmon in minutes,"Protein-packed Miso Glazed Salmon recipe for a quick and easy dinner, perfect for a busy weeknight meal or special occasion, https://nobscooking.com/recipes/miso-glazed-salmon"
Miso Glazed Salmon,Ingredient-Count,Busy weeknights just got a hero,"Protein-packed Miso Glazed Salmon recipe for a quick and easy dinner, perfect for a busy weeknight meal or special occasion, https://nobscooking.com/recipes/miso-glazed-salmon"
Miso Glazed Salmon,Core Method,Only 5 ingredients for perfect glaze,"Protein-packed Miso Glazed Salmon recipe for a quick and easy dinner, perfect for a busy weeknight meal or special occasion, https://nobscooking.com/recipes/miso-glazed-salmon"
